id,email,username,password
1,mwiper0@simplemachines.org,Mendy,vP2@L{\wJ{mr
2,klomen1@oracle.com,Kilian,"vS0_*=)32(%BQ""#%"
3,mleele2@yellowpages.com,Maximo,"jY2""5XdGz&Br&8`,"
4,jtofts3@gnu.org,Jami,bT5)darqm`WT\g5R
5,akeays4@ibm.com,Amandy,mF3/OO45y`=~Y
6,sgornal5@thetimes.co.uk,Simona,aU9>C.RLC
7,sclutterham6@tripod.com,Sauveur,"sE5""wYvxC_fvM#`h"
8,hmatczak7@vkontakte.ru,Harold,"vL5|Z6ksx8b,Dg3"
9,cbettanay8@addthis.com,Clayson,vQ1%|1IFf}4!e9Xx
10,bpoulgreen9@plala.or.jp,Brew,cQ1@x'RDE+9y
11,jbonnicka@mayoclinic.com,Jayne,nX6}CtKGw>0w7v@
12,modoughertyb@goo.ne.jp,Mabelle,"jZ3~Ht&TJ.MWmI"""
13,gshellardc@ycombinator.com,Gweneth,pX5|fO+%Q>j
14,nhuzzayd@techcrunch.com,Nicoli,tT8@%7WmO$
15,pshalle@npr.org,Pasquale,kA9=6mD<}BN
16,kbriscoef@japanpost.jp,Korey,oK2!9)CSJw\
17,scollingsg@answers.com,Sascha,mD2'f=BC{dw79
18,campsh@xinhuanet.com,Chickie,aP6/qbwr6=e*@t
19,tbaylyi@weibo.com,Tommy,"zT7""FSJm.7say"
20,apaxfordej@booking.com,Alf,"dX5_E""(*q.6("
21,wgiacopazzik@is.gd,Wayne,fO8!34~?<p7wFp
22,dantliffl@123-reg.co.uk,Davon,nP8)qEl/EJ
23,jdevonm@github.com,Joanie,iV1)x/)G
24,mdenzilown@twitter.com,Mario,sH1\mzfi!7AT+79
25,kwetheredo@narod.ru,Kathrine,qH0}j89~WSlkwq_
26,cbeeckerp@cloudflare.com,Chaunce,mB9@s.a$qJMNQ
27,mshinefieldq@naver.com,Mirabella,dA5'B3<9ib%
28,htetlar@foxnews.com,Harriot,uG8*ZTsYcxx$Wxo
29,bfellibrands@altervista.org,Bab,"zA8&.@)Tgz,KW"
30,pbowert@wikimedia.org,Pierson,"oY4}BR$0,'T*"
31,cwhortonu@goo.gl,Chicky,zI5@@zx~x|Y
32,scirlosv@gizmodo.com,Sylvan,gA2+hCq3l
33,dambroisw@indiegogo.com,Dukie,xH2/y$V&oJg#
34,apieterickx@eepurl.com,Albie,dL4}Trl>W0/Rt
35,kbrundelly@bbb.org,Kevyn,kN4%!C\k5.
36,scoyz@smugmug.com,Sande,"aY5""`DM}M5)7&"
37,vvasse10@bigcartel.com,Vanya,kD1'7uIfjYjZeOu
38,lwitsey11@taobao.com,Loydie,hB8{F/S)(VH8g{
39,ylappine12@g.co,Yolanda,nT1.6Mop'g
40,agreason13@wisc.edu,Angelina,vY6}Wqg8AW
41,dstedall14@mediafire.com,Dawn,qI1|s5?1Oe/n
42,csleney15@alexa.com,Cora,eA8?zrD\T1{C
43,pdanielli16@latimes.com,Patricio,"oM8""D&F=vptUwF,w"
44,koakman17@psu.edu,Kin,jY5|VxA.M7GNT
45,bdelicate18@bing.com,Brena,pP7!fkqgZFkZY|Y
46,tblest19@dagondesign.com,Thornie,fF3@@!b~l
47,cstaziker1a@biglobe.ne.jp,Consuelo,gG3%5RP`0li
48,shankin1b@microsoft.com,Stephan,eS8|Ci*WYzAw+
49,onaptine1c@ustream.tv,Olimpia,"oW3,?Nf$`0uFI*#"
50,cmcpake1d@howstuffworks.com,Chickie,"zK0@g?L""KG@J+"
51,bwhitbread1e@seattletimes.com,Biron,kQ1=pg_\K
52,gwong1f@altervista.org,Gelya,kB3*&TWUe?
53,kcrayker1g@cbsnews.com,Kendre,"mS5)jB!,OmL"
54,slockier1h@businessweek.com,Sergent,fK7%331e(pv
55,mstrang1i@homestead.com,Meagan,bJ8@)QMCuf.PD
56,smackegg1j@google.com.hk,Sydney,tL6(%5f1iMZ
57,asturridge1k@xrea.com,Alister,aN2&)kat}
58,bolliver1l@rediff.com,Bondon,"nL7@l.n6NM""i"
59,scream1m@merriam-webster.com,Shell,mJ8$z_ixJ
60,eruperti1n@timesonline.co.uk,Elisha,"sN2{_""98@<J"
61,rgallaway1o@printfriendly.com,Rochella,vL6}ZZYe$bR0
62,mbuckerfield1p@marriott.com,Muhammad,dE4'mpEK
63,jvannah1q@unicef.org,Jefferey,aT2}}zscpC
64,scochet1r@gmpg.org,Saxon,sT4<9WZp&SK<s<
65,mmoorhouse1s@eepurl.com,Meghan,xD4|9XTPbqVqucJ{
66,fmaruszewski1t@storify.com,Franchot,bC8}sb/Nux9
67,ihammill1u@icio.us,Ines,jA5}6syKVlw|H+&
68,jpally1v@paypal.com,Joete,xV1(/%jSECent
69,mcleeves1w@alibaba.com,Mickey,iO5*?rZY
70,wwalkinshaw1x@bloglovin.com,Weider,"gT6,%/Ik$jQu)ow+"
71,sdryburgh1y@multiply.com,Sherm,qB6(5MXf<Fp*2B~
72,rskepper1z@over-blog.com,Raimondo,bE5<=qL#g
73,hdarch20@unicef.org,Hilly,eO3*?_E>_Q!=f
74,jrodrig21@sogou.com,Jesse,"cM6,os?n"
75,plartice22@fema.gov,Patrice,fT5./5Y/!=fO
76,palbutt23@example.com,Pietra,mB1<OWU2YU1eH
77,jlorentz24@nifty.com,Jessica,mB1*$caU#5S
78,ovicent25@myspace.com,Ofelia,lL2'0|V<A
79,kbalma26@wired.com,Kamillah,fP1=EE1m..R7H
80,vammer27@webmd.com,Vidovik,nF1>JPAw
81,chaberjam28@drupal.org,Casi,eR2<%_MC
82,njobey29@economist.com,North,sG0&tM}G
83,oabbis2a@deviantart.com,Osborn,oP8*$klx
84,zstoving2b@posterous.com,Zebulon,hZ0<j2@RXh
85,rtidbury2c@prweb.com,Rochella,wS5=y{@Rbkc
86,iflay2d@naver.com,Irene,mY7?9Ke$(>fjc
87,csanter2e@opera.com,Carolan,sU2!i{{b'sy?4{dG
88,oellsworthe2f@mashable.com,Orly,kH9(G\&GC
89,wjeays2g@addtoany.com,Willey,aV4`B.`(@iM?iJ
90,djennins2h@mozilla.com,Denney,lS2|F{&mizK
91,bhaggerty2i@quantcast.com,Bran,zS1=obrALn?yo
92,sjunifer2j@scientificamerican.com,Swen,gE5`TCU?\=Hx@MH+
93,mcomins2k@addtoany.com,Marcelle,sM0.39G8poH
94,sjeannel2l@ox.ac.uk,Stevy,bA7.Y~oJLpB8U2v>
95,mdews2m@purevolume.com,Marianne,fX4?d3|T(|D=&{
96,cbeentjes2n@qq.com,Christina,xP0&F0M)0*
97,lbesse2o@independent.co.uk,Lewie,rR2@WL|NZcB@?!
98,bbenito2p@canalblog.com,Buiron,dT3_+|2g
99,bwheatman2q@qq.com,Bessie,nI7~cp|@*O`|
100,ftrevan2r@gmpg.org,Faye,vI5>B\c=
101,scowsby2s@ycombinator.com,Sax,xF7?Lq0e
102,rbitcheno2t@vkontakte.ru,Rice,"pC6.7"",)R/>Nt~"
103,akhalid2u@shinystat.com,Agna,sI4`P)gEKFX8
104,borviss2v@nba.com,Brittany,fN9/&d*OOk+Pr><
105,cbroadwood2w@nba.com,Candy,bX9+G(6V2
106,cmacura2x@merriam-webster.com,Crin,wT5`QYk9lv.
107,dheisler2y@virginia.edu,Datha,oZ3{LQbAdC+*!Bq(
108,jlening2z@census.gov,Johna,eI0*Uy!Z
109,ocharleston30@pbs.org,Orlan,eY1$jeLXh!H2m
110,mferrari31@moonfruit.com,Marylinda,"gF7@@c~ivj8c"""
111,scloonan32@timesonline.co.uk,Sonny,eX6'~F@!/Up9
112,ekerrod33@wordpress.org,Ellen,tQ8)yVzxYN7/p1
113,tmcdermid34@xing.com,Timi,"fV0_gfDbwW"""
114,lbewshire35@abc.net.au,Libbi,wE4!?m.f660>#X
115,bleupoldt36@google.es,Brewer,mG3)OK2v
116,mmease37@ox.ac.uk,Moll,pG7@XF=??|Q
117,eturbat38@rakuten.co.jp,Essie,"fN5$3$9YRY"">Y"
118,fsealeaf39@ebay.co.uk,Friedrick,lX7!J}a|.5fV%
119,csnelgrove3a@google.com.hk,Charley,bR2'r{vs
120,maldrich3b@dion.ne.jp,Mario,"mD3""1<hvNC"
121,vhawkes3c@gov.uk,Vicky,gB3$%vMT
122,pstainland3d@google.ca,Purcell,hX7!G@jHe.R+eX8
123,ajacketts3e@sina.com.cn,Anette,"sZ3!y|,Uky~i"
124,ecrusham3f@illinois.edu,Ewart,aS8\|(r<Xm'yH
125,dgobell3g@addtoany.com,Dieter,pV1~1VW}c=
126,bbrabban3h@free.fr,Bryanty,nJ1=}7dXG=!(
127,lullrich3i@apple.com,Leigh,hS5_Q=p&k4e{
128,grehor3j@biblegateway.com,Grantley,jH6(#JGSWHC6#k1T
129,ecaulfield3k@nydailynews.com,Erminia,pW0$NlP0LcoW|#
130,dterrington3l@cmu.edu,Daloris,"zB0""yr4fK|>nRAyI"
131,nspere3m@amazon.co.uk,Noam,"lN3?,~=TjJS<HZP"
132,emayhow3n@alibaba.com,Evelin,"wS0*H4ksfkdd)}""/"
133,lmeuse3o@ox.ac.uk,Lambert,vC7+Qx<U=
134,lrubes3p@scribd.com,Lianna,eY5>kMM~cHs
135,dcominoli3q@msn.com,Dino,hT6{Yfvm_9{0h>LK
136,kcattanach3r@tinypic.com,Krishnah,tD2/E=~wBvNRe
137,amajor3s@microsoft.com,Austin,lF3?tPIU~q@r)F
138,ladderley3t@lycos.com,Leora,pK4@pn_&@rO
139,dallabarton3u@yandex.ru,Duky,jB8\C<xmwV|l
140,carber3v@discovery.com,Christin,jP9(D.JbQ5{.WI|
141,bshires3w@privacy.gov.au,Bobine,kM4'qDH>%
142,ospare3x@disqus.com,Othilie,uP1~OCCY
143,drockhall3y@ow.ly,Donella,hL9|~o~%zf@I60
144,cjoppich3z@wordpress.org,Carter,"eK9{""HP*02&b/"
145,msmee40@prlog.org,Monah,fL3%m}=Y
146,jfields41@people.com.cn,Jerry,sC1)E$4.f@o
147,tstonman42@reference.com,Tremain,bH9(%WQ8&~P5P9
148,rheams43@discuz.net,Roselle,dZ4>bj*g
149,cmacgill44@mapy.cz,Cort,"jO3""e$_{jQ|+6/wZ"
150,dschust45@printfriendly.com,Denise,iG0}nK%l$
151,agammel46@rambler.ru,Abram,"yN2%""Np<HnKnX"
152,cdrewery47@nhs.uk,Cate,wN0)!ch/q
153,jharnor48@amazon.co.uk,Justinn,oN0{x2$Y@!Xf4>0
154,fstigell49@google.co.jp,Finn,iT3>jPL4~z=D%!>*
155,kmartill4a@merriam-webster.com,Kettie,"bL0)Xwi<&""Ip"
156,gjeger4b@aol.com,Glenn,yZ6\eSV+h5_VHI
157,aivers4c@cdc.gov,Aurelia,"kF3_,8n$M|"
158,ndougary4d@ask.com,Niels,yS1<C/E%=&S1v
159,gglusby4e@hhs.gov,Gabe,pO4#LYt$6j2CG&!
160,cogara4f@about.me,Concordia,bT3)W8f$
161,agirardet4g@squidoo.com,Anetta,yD4|=Mp\}c_sMbU
162,emorison4h@statcounter.com,Elene,"tE6@lubV3QZM,="
163,dgutcher4i@etsy.com,Daniel,aE2?qI67
164,kdrysdall4j@noaa.gov,Kristien,"gG9|4BZ\7,zr"
165,lwards4k@slideshare.net,Liesa,bR5*~5uc
166,vsouster4l@apache.org,Virgil,uR3.\~U|/
167,jmacness4m@shinystat.com,Johanna,"oW7!*$y2O""DC$d!"
168,vguinane4n@123-reg.co.uk,Vin,zR0~T9JK#d|g`u(j
169,lshimwell4o@imdb.com,Leonardo,kP0\&BW8
170,wsiuda4p@newsvine.com,Warner,rT7*9eWx<Ss}JUB
171,cgrahl4q@samsung.com,Connie,"jE5""NWsDvimw'"
172,kbigley4r@newsvine.com,Kristin,aY9<UBDUVhGZkZ3
173,ndombrell4s@hubpages.com,Nessie,"dO8&""@5`9"
174,jciottoi4t@state.tx.us,Joyce,rW9.#a1!_fkZ
175,haronin4u@youtube.com,Hester,zE4$Yy7AWZg)+bn8
176,shulles4v@artisteer.com,Sherye,gU1<wzU5
177,pridulfo4w@hostgator.com,Perren,eP2}XTA8
178,ffrusher4x@wikia.com,Freddi,pZ3+dD}AH{_BUw
179,cdalwis4y@omniture.com,Corny,zM3|a`_9'2~@0
180,dsilvers4z@unesco.org,Dael,"jU0|N1""/"
181,bsappell50@163.com,Bernette,bL3`sKMu2M
182,rknowlys51@fc2.com,Riley,tW5%itj}7k
183,mosan52@moonfruit.com,Maurine,wD1}3$BGm'|
184,mharriot53@netscape.com,Margret,"lW7/S|Fo>1~{""!"
185,dbutchers54@ocn.ne.jp,Dyna,pV2.*n+Ukg`
186,sgors55@de.vu,Say,"zO2~I,H.d}gX5COF"
187,ichern56@whitehouse.gov,Ingaberg,gX4{Ung{/(q{Ek
188,lpovah57@google.co.uk,Law,"lT6""<>.+&jaV"
189,ehounsham58@soundcloud.com,Eddie,pL1>llmh#
190,dglasard59@shinystat.com,Dehlia,rT4_cbz1
191,bshotbolt5a@sciencedirect.com,Brucie,cT3*pg#DA%7H+
192,okiera5b@people.com.cn,Olive,nC3>m/s!2*
193,sjurczik5c@vk.com,Stefania,xC0.X?+c>l3F.
194,vgoodreid5d@blogspot.com,Valina,"pX5<jvX,Dyjd"
195,jcornock5e@edublogs.org,Janel,jK1_>IGMo0
196,ccobbin5f@skype.com,Caryn,"xZ8,o>mVebZOy\SP"
197,cswadon5g@usatoday.com,Constantine,uG4>&Qiis8_F\/5E
198,cpriddle5h@patch.com,Celestyna,"jC0&p5P.4""b<`sTU"
199,awhitchurch5i@businessinsider.com,Amberly,"gL1=1pqvBii#""b"
200,cdjokovic5j@theglobeandmail.com,Camel,bI3<gxZs
201,ibolland5k@admin.ch,Irwinn,eR3{_BRS@
202,fconlon5l@accuweather.com,Florentia,rL5|kv$yRJ5@kt
203,dhiley5m@godaddy.com,Dottie,tN4&s5rt&%Sw
204,bpimme5n@ocn.ne.jp,Bonnie,"aP5@oyLdgWQXT_"""
205,jcasson5o@epa.gov,Jonell,lG2}?h6Zquk
206,ecometti5p@businesswire.com,Eleni,fW4%pfnf
207,rleidl5q@behance.net,Raquela,zD3}pfyI6
208,lbaber5r@businessinsider.com,Lorita,cT6'kZcN?bZoz
209,dmaddinon5s@fc2.com,Dew,oB5??M%adU118=
210,bseiler5t@cisco.com,Bernardina,xX6!65!A\|t
211,bmordin5u@furl.net,Bob,kY5{&kRt
212,rmanach5v@usa.gov,Rozele,tM7*Z?$+R1r./%px
213,kwittier5w@moonfruit.com,Kori,cA4|7K!*&|N8|a2
214,tridgewell5x@umich.edu,Tandi,pY7}sMML.$Y>9
215,bjouanot5y@economist.com,Bradley,mL7!t|C{VwJ0VI
216,tmacaulay5z@godaddy.com,Truda,pS4(4*k1
217,dtocqueville60@sfgate.com,Danella,qV4/s<0'@AX8=J
218,hboyn61@phpbb.com,Harbert,lK6|vz6`+
219,msurgood62@sciencedaily.com,Milena,fF0%>%nMH!+s
220,pjovanovic63@ca.gov,Pamela,xQ0/u#Mb3/LnM
221,jfreeland64@answers.com,Jordain,lV8=a0e*ML
222,llunnon65@state.gov,Lee,eP3_nLH#5=o9vp!
223,eessam66@tiny.cc,Eadith,lQ6?\'teJ+
224,nmarks67@psu.edu,Nancy,dN2>Jv)6?
225,acromwell68@tiny.cc,Abdel,rJ5`PRfTw.GV*6Q8
226,woloughran69@engadget.com,Warren,lL7(2U4yi
227,ndedomenico6a@hhs.gov,Nellie,yD4.l>>~kaxqLT)
228,ecresar6b@buzzfeed.com,Eugenie,cF9{py@!L
229,lmars6c@storify.com,Livia,lA0+)|&$Hj
230,cfaircliff6d@boston.com,Crystie,iI6+lz72U%.tdf
231,tarrighetti6e@scribd.com,Taffy,lL7=mDZNBl
232,emcskeagan6f@comcast.net,Emmalee,bG1(4J_r#l`Xkp
233,slesser6g@technorati.com,Sebastiano,tR8~p4t}UZ
234,hodonovan6h@weibo.com,Haskell,"bY5#T2>lLu""Uw"
235,abergstrand6i@livejournal.com,Ashia,tO2*H6.M!?2kFU
236,ffraney6j@livejournal.com,Field,aE7@MF=u}
237,slilywhite6k@slashdot.org,Sheilakathryn,fP8$w=tnz!`5(zq
238,rbarham6l@fema.gov,Rochester,jP2`fX~KY
239,sfranek6m@examiner.com,Siward,"hG8)iNC(V}(0""yj"
240,aludmann6n@loc.gov,Alex,aX6@&*wP
241,egierck6o@deliciousdays.com,Eddie,fI6\e9M#lb+ck{@<
242,rsiddons6p@soundcloud.com,Rivi,lI3%uA{+y)/wH\R
243,cfarnham6q@surveymonkey.com,Celestyna,"lQ2!'T,xailyl6"
244,cmurrigan6r@seesaa.net,Carlene,dS2%95?M=U8
245,ccolquhoun6s@nydailynews.com,Cele,kY1>gqmGXZjB?9
246,klowton6t@tmall.com,Karlotte,oO2<E'5ZC\NHR
247,fskeemor6u@cnn.com,Freeland,hY1=uA>~3{%pPNA
248,sjaumet6v@utexas.edu,Shandee,"fM6%hM""}NvUrpY"
249,ghoston6w@cnet.com,Grete,"bM7""#{D}d+7n"
250,mbothwell6x@google.fr,Margret,pX6/G||7~4Rh=
251,astangel6y@sun.com,Ardisj,lL6.9BMS3oi&@x
252,ghalewood6z@seesaa.net,Giulietta,vR8@)MKAdGHw3I(7
253,vgowing70@yandex.ru,Valentia,uP3=O@L6nhM
254,cflicker71@wikipedia.org,Cathy,xG0/t*gpX#y6jE+0
255,kbriscam72@github.io,Kerri,kS7=$sU)TK
256,islyford73@digg.com,Irvine,uB5$Dvp{1
257,bdewen74@behance.net,Beatrice,fG1}*nu<F%
258,mchattelaine75@yahoo.co.jp,Mable,zT3/4v8X
259,dkaindl76@tuttocitta.it,Dolores,hL0/4k4w!X
260,nesterbrook77@bbc.co.uk,Nolly,"pR9_kP,AY0OhJ@|C"
261,kshoulder78@fda.gov,Kariotta,gX3(JU!mc2
262,vmarton79@hao123.com,Val,nL1(Xm'?~VK%Xp`'
263,istoke7a@skyrock.com,Ianthe,pP5|rCiv
264,hfeatherby7b@hhs.gov,Hayward,"dC7(,fUVmbpTq"
265,jgooderham7c@cnet.com,Janelle,"xW2""/WmqUtwa\1"
266,dbarcroft7d@irs.gov,Dolly,xK6_BBKs(|*$\
267,gyouster7e@utexas.edu,Gerty,wR7=n/GS
268,avaen7f@over-blog.com,Athena,eA5<97_XrL%1
269,fclappison7g@princeton.edu,Filmore,zF6~Uj5BkC382g
270,llindbergh7h@guardian.co.uk,Luigi,"dS8(7.0n{<MU',"
271,ntorrance7i@godaddy.com,Nicolis,hB7}8VzixFg/i
272,mwhitby7j@arstechnica.com,Maribel,bA3@~/\Z
273,vwanjek7k@ed.gov,Vivienne,"kL4.syI""_XQg"
274,jpassie7l@godaddy.com,Johnathon,"eJ4{,\#eV{"
275,lcuberley7m@surveymonkey.com,Lorain,oO4.'mO\l&XP8a=
276,cpeaurt7n@house.gov,Chancey,rX9>|\@`7vLGC=
277,cbruun7o@comsenz.com,Cross,aC6&j/{#nz1=}vs
278,mdorkens7p@booking.com,Mella,bQ9$5vKJf*
279,fchotty7q@umich.edu,Frans,tQ4'/T84Q8@7VH
280,araynes7r@ucsd.edu,Angelica,bS5+iNDhu4VbD*
281,estrain7s@opensource.org,Evelina,fW3!65a7vikPe
282,ctavener7t@unc.edu,Claudette,wS1\T_BO4y
283,tcolin7u@booking.com,Tab,"gO6_~2_""N,.#"
284,qprendergast7v@cbslocal.com,Quincy,eH5_5SdFo
285,dodeson7w@delicious.com,Dimitri,qQ1<w%s6gY1
286,bmugg7x@npr.org,Bengt,pQ5*M*y}Ov
287,jkayser7y@bloglines.com,Jeralee,aV6=g~E+/
288,cbolletti7z@google.de,Cyb,xM0?%_!&}PGa_
289,jmontel80@soup.io,Jinny,lR9`B.TS3Q5xr
290,gmcreynold81@simplemachines.org,Gibby,cJ2?=Yi+9t$k
291,dhasser82@google.nl,Dan,sP2~{yEZ
292,aleppard83@domainmarket.com,Allina,lS0!K?@ppKe
293,clongfoot84@istockphoto.com,Clayton,pH6`1C@mw\
294,fgoodliff85@photobucket.com,Fern,"tK1,S<78gYD"
295,driccardo86@vk.com,Dione,mT5_M_Za_ruR%lMW
296,plazer87@moonfruit.com,Pansy,"kZ7*#'bAJ>8IU,"
297,rcall88@sina.com.cn,Roxanne,iO2<p9G1v
298,whaylands89@chicagotribune.com,Worden,nG0|CVeR
299,jwaterfield8a@blogs.com,Jobi,"tU5*,%ZC_"
300,vdawidsohn8b@guardian.co.uk,Vikky,uB3_eA_<2%s+
301,ohoodlass8c@state.gov,Olivero,"cY9>{UhP@""bXk*"
302,bmarwood8d@i2i.jp,Blanca,eE8%jd/cw4'mt
303,mholton8e@un.org,Mendie,oK1}YtQQwIb
304,dscud8f@google.nl,Dexter,"aU8~kq_#f""Kj4lf"
305,nridgewell8g@oakley.com,Niels,cG6/1U/VVUa3Uz
306,mbliss8h@zdnet.com,Merla,aF7*?(<?>%`@yBY
307,adarington8i@mozilla.org,Audre,bM3'*<wynux0
308,focullen8j@netscape.com,Freddie,xR7\+Ho}rTZTKT
309,abedell8k@dion.ne.jp,Albie,aG9'Yz)B
310,dbrannigan8l@google.nl,Diannne,lS8}%q+R&atj}db
311,kcoppeard8m@about.com,Klarika,dF4*ELP+
312,kbrimilcome8n@icio.us,Kelcie,sG2$VKX{%
313,dhegel8o@mozilla.org,Dimitri,"dZ4$~n,q?6$"
314,vkeningley8p@desdev.cn,Valentina,bI3<MUWe1@ISif
315,mhayers8q@github.io,Marie,"wN2`h(,*(}'aX+tn"
316,flyttle8r@rakuten.co.jp,Filbert,vW2$&>YCz8_/P
317,kboggis8s@vimeo.com,Kahlil,hI9$K3ye|#j)oZ
318,wspedroni8t@mlb.com,Whittaker,"kL4""s'&e{6"
319,tchastan8u@jiathis.com,Tabbitha,pA3=G4<TOKzyIil#
320,rtillerton8v@arizona.edu,Reiko,pY6?yq7WwOH/
321,ttupper8w@nature.com,Tomas,sV0$Dc3XZ8@57
322,ikesterton8x@abc.net.au,Isabeau,jF6<`Fwj6WFo$
323,gfeldfisher8y@elpais.com,Giffy,"hJ1$I""|gE"
324,nleglise8z@51.la,Nikoletta,"sQ0|T1oT""h2@B"
325,dhartfield90@histats.com,Daile,iL9%v@_&nL!LKp
326,linger91@google.de,Leland,vQ1/#@e`'G
327,ejeremiah92@usda.gov,Emmanuel,"rM5""c+Ek\io'x"
328,atyer93@dagondesign.com,Anne,aO4$tV&c3=kvF#bx
329,tcinnamond94@opensource.org,Tiertza,gH1$blhb
330,ajanicki95@hibu.com,Aida,"xN7,z7>@nCL4*.I"
331,bhuddlestone96@dot.gov,Birgitta,zY0~*LXDngJDqV
332,jcheatle97@angelfire.com,Johnath,"mT6""VBS=@jW!Z"
333,eshakesby98@ustream.tv,Elaine,"nK3%<>yB/Z""C%7"
334,gmainz99@virginia.edu,Gabriel,xU0>k1/2
335,tdahmke9a@army.mil,Tami,"rS3!""ws7l4rJ|'W"
336,bpharoah9b@netvibes.com,Beniamino,nE8+kI?wr0l.
337,nmeah9c@indiatimes.com,Nonnah,vU4&Pf@>*
338,amckeaveney9d@cbslocal.com,Andriette,hD9.+R++
339,bmcilrath9e@lulu.com,Boonie,pU8={@lL42
340,crubertelli9f@google.com.au,Charissa,nS0$L=q@.)6hr
341,jwicks9g@icio.us,Janela,"dI3,9+,<hRV"
342,gpellatt9h@github.io,Garvy,yD8%l5$._{
343,thedney9i@webmd.com,Tess,bN2&S.7Z
344,jiacopini9j@google.co.uk,Jeremie,aI3=0(fr
345,bduckham9k@gnu.org,Benjie,wQ4{GOyX79dfK
346,dcluett9l@ihg.com,Dal,hS7#WaBc|
347,dtwigg9m@tinyurl.com,Dur,bP9~M<CmR{KB
348,sbascomb9n@pbs.org,Sissy,qX2!pP#nyd)2
349,mcosgrave9o@constantcontact.com,Millisent,aC2+o650
350,cmarflitt9p@ow.ly,Caresa,iL1!zuD1>wb}arV
351,jdibaudi9q@reddit.com,Jordan,dD7'Ip8p
352,agurnay9r@mysql.com,Annadiane,kF4%5`<doQ=MrxW7
353,ltrendle9s@biglobe.ne.jp,Loralie,dU7'A~*t\
354,wsterman9t@mysql.com,Whitaker,"xA7{d|vAcxc*,.U"
355,chollingby9u@vk.com,Catarina,hW8{<%\lJ
356,gjado9v@dagondesign.com,Gertrudis,iX9)qq}=6j'/1
357,lrudland9w@biglobe.ne.jp,Lila,pA2\g?Nk)
358,wbownde9x@globo.com,Winny,eX5{6D@pDEdI
359,cprall9y@google.fr,Carol,"hP1,9UP6Qxwm"
360,smoorerud9z@nasa.gov,Salvatore,uB1#)6AC!
361,tcogera0@ebay.com,Tabbie,mL0%!`4sr|\'}KD
362,lfildea1@state.tx.us,Leelah,pN9{+}YXvH
363,iroakea2@msu.edu,Ines,dP1<zz6+jFw/!h6k
364,afeea3@jigsy.com,Ardine,"vH7,=lxpT+5J"
365,cpitkinsa4@nih.gov,Cissy,"aF1|2G""1FH\=W'"
366,lstutelya5@usatoday.com,Lyda,nM9/#)Yf
367,rstoadea6@yahoo.co.jp,Rosabelle,gF1%`dp$
368,tlyonsa7@marketwatch.com,Travers,uR3&J$iKrwa*L
369,rcashena8@samsung.com,Rick,eH4#T4)T.C
370,bridsdella9@sourceforge.net,Boycey,eZ9&ICsZ#c
371,jpimbleyaa@live.com,Jackie,sX7(p8v7#1!s|
372,clanningab@dailymotion.com,Chloris,"mY2""6}%w,B"
373,mbastimanac@php.net,Marta,bG0#~39EfOhUk=
374,vcorkingad@blogs.com,Vinita,"wS7%9""3aW7@"
375,jwooffindenae@cbslocal.com,Jeniffer,sI6@Z!xU1`L|)
376,sriceardsaf@wunderground.com,Suellen,"rR0,nd0u"
377,astrobandag@infoseek.co.jp,Arline,"iM5,IfV~a~"
378,mverneyah@bigcartel.com,Monah,"bA4/</rk>,="
379,rrodearai@blogtalkradio.com,Ring,"yH1,=c/9aO/6|{"
380,ldustingaj@buzzfeed.com,Lyn,"gK6<R%!7Xp8XeM"""
381,teskriggeak@elegantthemes.com,Tarrah,"aL4""""m31F&/"
382,bschollingal@spotify.com,Barbey,hZ0\26O+(V1K
383,hbrockmanam@oakley.com,Hamid,hK0=M=n$eCDhA
384,ppappian@pbs.org,Penny,yJ4!>a&|DihT
385,rcapozziao@geocities.jp,Rosalie,"yS2{)j8,y6(9@w6"
386,eyitzhakofap@sun.com,Eveleen,wO6_=D!ydC
387,nmuffettaq@skype.com,Newton,qE0@uD&bU{9.ict%
388,flemanar@aol.com,Fidela,iD9`N`2Ax>q
389,tbiaginias@ovh.net,Teodora,jG5&V)kNSgM6$lu
390,asenecautat@ezinearticles.com,Abbey,tF1?'|ego|3
391,ktroodau@trellian.com,Kristofor,xT8_d`mi
392,jscorerav@cnbc.com,Joby,"iL2}.4'n""/"
393,pdavidovicsaw@loc.gov,Payton,aR5>m7$LdM8G
394,hkupkaax@ow.ly,Harwell,aG3#a8Lyb#CF{M=z
395,cwhitforday@bing.com,Christin,aQ8~q879/
396,kchippaz@dedecms.com,Katti,tR1<8dZ`~Z
397,kjewarb0@mapquest.com,Klement,eR6`a@v8mO62jo1q
398,jtorreb1@paypal.com,Johnath,yC6}6sSKD3M
399,dquinnellb2@netvibes.com,Darren,eY6{*Uul9
400,ccrakerb3@ustream.tv,Colet,"nW6*""cMHU2h24"
401,mcaldowb4@dell.com,Mychal,uW4_.h+M$
402,arehmb5@csmonitor.com,Ansley,"eG4*lpyA5U,42"
403,cburbidgeb6@gmpg.org,Cyndi,iI0&l*ZG)xP
404,bambroziakb7@nih.gov,Benedict,fT5}.@H7G
405,ctrahearb8@sun.com,Celestyn,pN3@5FFD&>/Sv
406,ssparlingb9@t-online.de,Scott,tB4<rT3mmk1
407,wtestoba@cocolog-nifty.com,Web,hD6)y$+c|.
408,bteaseybb@nyu.edu,Benjy,iK7`I'u?
409,lalejobc@furl.net,Lev,vM7){@R{X|C
410,estandbrookbd@trellian.com,Elfrida,"nO4\,DZu<mwrXP<x"
411,ffarquarsonbe@census.gov,Faythe,bL5)Fi5!V3mLoXG$
412,zredsellbf@berkeley.edu,Zacherie,sO4&NU%W
413,cbrungerbg@ftc.gov,Clem,vT1.=/42=z|
414,nmittenbh@indiatimes.com,Natty,rR6$S&kNdSL#k
415,mprobybi@godaddy.com,Meris,"eQ6""3S(c~f(A`o"
416,nbeddisbj@blinklist.com,Nappie,"hS4,%`%*@u~R"
417,jfetherstonebk@techcrunch.com,Jerome,rX7<SIgjjUm0X
418,ctextonbl@tripadvisor.com,Clara,sL9~)_7BFN4zc?G
419,dgaylardbm@naver.com,Dewie,"iK0,0GMB5<$~.S5Z"
420,bchooterbn@booking.com,Babbie,"tO3+5},_pO}h&=5%"
421,cgaskampbo@oaic.gov.au,Cass,jW2+Bx_f.)
422,kbalkbp@about.com,Katrine,hT9$hlB+7U5H#EQk
423,tcrossgrovebq@ning.com,Tibold,"mO7#e2nQ8,PsE(0"
424,bverbeekbr@pagesperso-orange.fr,Beniamino,gI5+uz/_K&
425,caspbs@sphinn.com,Consuelo,"jR1,W){j0A40m$"
426,emckerliebt@quantcast.com,Easter,kT4!{+dVB(7uc|
427,cmossbu@unc.edu,Cathrin,sG6?llx9N45
428,dtopingbv@github.io,Deny,pE8'F2z>Jex6F3
429,hbrounfieldbw@joomla.org,Hettie,hA8_p#=K}6cKJ2e
430,sgrennanbx@irs.gov,Shawnee,"qU5<\F""@9fx42"
431,dohareby@jugem.jp,Desmund,zB6}V<bW~H7i
432,baddsbz@reference.com,Bess,nQ2@)v/Y<|iv\
433,tmicheuc0@sciencedirect.com,Tessy,eF7(!Fo}e1ej2YH
434,sbowndec1@nasa.gov,Shaylyn,eD9{2rFQ*Z$e)/
435,sdanilchenkoc2@soundcloud.com,Sybilla,yW8@@Jlc
436,fbonickc3@ihg.com,Felice,bC7?ouMP7{s
437,dferreoc4@nasa.gov,Dominic,kJ4.N4A44PWMJ!
438,kmarcumc5@mapquest.com,Kaitlin,gS4)5`9_cAq@%c
439,mdoughtyc6@de.vu,Merralee,"oT3@W""Wve/,"
440,ahickinc7@sohu.com,Archibaldo,cT5@ho_>_
441,elivickc8@washingtonpost.com,Eberto,yX7|z_ID!{47vO
442,knickersonc9@themeforest.net,Kingsley,"iR9'BedUo_\,"
443,kdallowca@harvard.edu,Kristal,yX0|M5v>jA7<n0k9
444,rnippercb@bandcamp.com,Roanna,"yP8*>J&Ds!,"
445,cmagarrellcc@dropbox.com,Clarette,uC2%{)ZpWr7EwFEh
446,jbartlescd@twitpic.com,Jacki,lE2!cMQVTLM13Dv#
447,sjinace@issuu.com,Sheelah,yL8&*)NR(
448,cchampaincf@amazon.co.jp,Cassie,"xZ2='=~""Mf"
449,cjirasekcg@meetup.com,Carmelia,hZ5'Jn/>em=J
450,ssealech@reference.com,Swen,mP2?<FTvCXN{Qo
451,ltipladyci@umn.edu,Letisha,eM0###?C00L2
452,astaytcj@ox.ac.uk,Amery,uC1}Gdu=cF7b91
453,mcloughck@state.gov,Morton,"bI0!po""TKSSqc6?}"
454,kblackstonecl@scribd.com,Katie,"oP9+%ioUJ4ln""SEH"
455,rflintuffcm@1und1.de,Reginald,"tG6>_iP,>"""
456,dfaradycn@qq.com,Devy,vV8<&tmV!!'u
457,gbolinoco@github.io,Gratiana,dG0+'Cw&8PsWEmmW
458,dgalpencp@fastcompany.com,Dicky,jG1(gREOm*SK'y
459,sclistcq@joomla.org,Susanne,"eK7%"")vSwC"
460,cczajkowskicr@amazon.co.jp,Claudetta,"dF3|c\Rta""o'Yea"
461,sschultheisscs@networksolutions.com,Stearn,iP3`qUeG
462,acheavinct@bbb.org,Alexander,pO1}yFs)v=Xj|
463,sfifootcu@google.com.hk,Sallie,"qR6,Ns45RqFfah%"""
464,lrogliericv@yellowbook.com,Lindsey,zY6_.P@{6Vjd
465,ehamnercw@cnbc.com,Edyth,oF3@9wU.oxG)W`?\
466,hwildashcx@jiathis.com,Herschel,gC7_?noli>KCRln
467,nleadbettercy@fotki.com,Nicolina,vE1#$J7=o_FK$
468,adetoilecz@yale.edu,Arluene,mC5~E'N*.J@~
469,asaiensd0@dot.gov,Alfy,aN0*w\|e
470,kmadgwichd1@sciencedirect.com,Kaylil,"uM9)(~M%Z%/,UL"
471,jgodmand2@apache.org,Jabez,fL2#pFq/9x}V
472,dkurthd3@soup.io,Dusty,vF2}0uO&#
473,gmitchensond4@symantec.com,Guglielma,nZ6.trJRXIe
474,lesbyd5@oaic.gov.au,Lishe,oS2#y<JM_
475,apallesend6@sitemeter.com,Arlin,"cF0<xRh$p""7OCo9"
476,abuchand7@t.co,Aubine,uX2.VE?|}j
477,rtwallind8@paginegialle.it,Ric,nC6/1vc%0p)q#1
478,ladamid9@yandex.ru,Llewellyn,pC9!|v!uW
479,bhawkyensda@unicef.org,Bernelle,"nM2,'5P!5YL#Xo"
480,aarnodb@ftc.gov,Audrye,iF4\X+.!.J!=
481,jappleyarddc@xrea.com,Jorge,"rB6&!0O\,j"
482,pfaveldd@deliciousdays.com,Phillip,gL0#_P%?_gS{&
483,ttrautde@deviantart.com,Tiphany,jD5@<x'a\H8
484,atinnerdf@surveymonkey.com,Alfy,hY2/.s|R
485,lbridsondg@ihg.com,Lucy,lY2%FY3M
486,epetitdh@google.es,Elissa,uU6>Nh>Vzc7
487,fbabbedi@networkadvertising.org,Felicia,jP7|52qW(sjKl
488,nmullettdj@unesco.org,Norean,"wJ4""EAC?de"
489,ndannielldk@webnode.com,Norry,gT8)qv9#U>dYXN
490,ssilmandl@harvard.edu,Sherye,vC9&UYkLm
491,litzcovichchdm@networkadvertising.org,Loralie,jE2&wP>QrpFl3
492,ygrobdn@pagesperso-orange.fr,Yule,iZ1|unTE
493,dfreebernedo@businessinsider.com,Dreddy,aU6?c~ZY0
494,rskeermerdp@histats.com,Rebecca,dF8/)QNtfA
495,gprickettdq@tripod.com,Gloriana,"sY7#Rm,`"
496,pbeesedr@prnewswire.com,Perren,nK2@&*TaZ+
497,vshieberds@surveymonkey.com,Veronika,fT2<(5Z}?Cd
498,rleurendt@symantec.com,Robina,rH5_+?1zWO=c
499,chinchcliffedu@answers.com,Catha,cP5.2aJTER3.Ir%
500,wharhoffdv@va.gov,Welbie,sU4'JIN5!VSL>5
501,dottewilldw@unc.edu,Derek,oB7#1AY.O
502,oyourelldx@statcounter.com,Otho,cV4?HIeq!bX#O
503,mlongstaffdy@narod.ru,Maurice,"eB0>n""Kp2y"
504,cschopsdz@merriam-webster.com,Cull,uL5~BkR5q3.
505,pcamachoe0@dmoz.org,Peri,xH5}&B+9eT..a0dR
506,craddine1@census.gov,Cami,dE3'`Nxptx
507,slemonniere2@twitter.com,Sheridan,dA3(lNbn
508,dabramsone3@xrea.com,Davida,pN8.15\s4Q%$Ja
509,bhugonneaue4@theglobeandmail.com,Bearnard,cW8`5Q1Q?C
510,floitertone5@booking.com,Fields,qP6=MsVj7
511,lbaddoee6@newsvine.com,Lilli,"vG9)CW?pUa,"
512,fhurle7@yahoo.com,Frayda,rL5$=\1}4sOuQ
513,npontere8@google.es,Nannette,mH0<_{yq
514,ajosefse9@merriam-webster.com,Ardene,yV6<5P6X&v+A#j.
515,efogartyea@sun.com,Elvyn,kZ0&cERSO!Y
516,fabrahameb@yolasite.com,Florance,gF5%<fX>
517,gchinnockec@forbes.com,Gaye,hW8`Kq5ZMs
518,nrabiered@weebly.com,Nada,sR9@+v}$H8h
519,mgarriockee@businessinsider.com,Marja,rJ2?y+{/vs
520,nrountreeef@dion.ne.jp,Nikita,nA8_g3W.>mui`Ly
521,sshyreeg@qq.com,Sharona,bS2\)1eDr1
522,kacotteh@qq.com,Kriste,zT0%@yk\fo
523,zbieverei@bigcartel.com,Zacharias,nP2|hlMRAh
524,rbaldacchinoej@multiply.com,Ree,"wA5,`0yo)tHEZ%"
525,etuckek@ehow.com,Eben,hW8!hJfl<<s%sH~
526,jcovertel@ft.com,Julita,"fZ8_wIUCK""h"
527,jladdem@themeforest.net,Julietta,"vS1%1L""UOa+73't%"
528,bworralen@amazonaws.com,Barbi,rZ2\6){2Y\9R
529,pforbereo@nifty.com,Pooh,"bB2""u3%{t"
530,tknivetonep@bluehost.com,Thaddus,xQ3+UVp5h5
531,ldufoureq@pagesperso-orange.fr,Lorianna,aS4'GDcCIF
532,smecoer@ibm.com,Sheeree,xK8*DkkE3`W9BC
533,btysones@issuu.com,Bailey,cA0&e\xOs!SYg
534,rtailbyet@edublogs.org,Rutledge,hH5~3`wg2aD
535,catrilleu@java.com,Curtice,dQ6&tRD03)vmv$
536,rbillieev@ucsd.edu,Reta,bJ7!.jOM24KhftTh
537,gbrionew@flavors.me,Graig,bQ9'A@4Ihq
538,cgalloex@macromedia.com,Craggie,yB8?W_ri
539,bsoltaney@soundcloud.com,Blakelee,yA4<11Y*
540,gklinckez@nyu.edu,Gerrie,"tE5+(8u/Zos""}\"
541,ccossarf0@opensource.org,Cathrin,rB2>pN_k<Is77~
542,rskethf1@nhs.uk,Rowan,"oE8,8Ez<*TY*+"
543,fgorcef2@mysql.com,Franklyn,fX0&B1S211
544,sraynesf3@live.com,Sean,sQ7}H+jWM
545,cwildef4@about.com,Cornell,oZ1'__rWr(?5q
546,ccockneyf5@4shared.com,Claudianus,xJ9%1v3P`793=
547,lwhittakerf6@exblog.jp,Lelia,rL7$_WMf7S
548,zhartburnf7@businessweek.com,Zsazsa,oZ3/%T99|/NI.
549,sandrysf8@un.org,Sisely,"wJ6.*w'C,)OE"
550,ljeffcockf9@fc2.com,Llewellyn,"nP9.JSDhlK,NP3U"
551,dmaseresfa@zdnet.com,Daryle,cW3'y{S$|
552,odonetfb@foxnews.com,Omero,"tB2@ciXZ}J9Igo,"
553,awardefc@hao123.com,Ashley,gN3{Nu~s#'WoY`
554,lpeplawfd@ed.gov,Lemmie,"gR3,4Pu.ps"
555,shaskerfe@usa.gov,Shae,"lN3=u>(yx.RdN,"
556,owarfieldff@mozilla.org,Ora,"nY7.qf""c/va1x""("
557,rdeclerkfg@mediafire.com,Rey,rC1%osyH@x
558,eselmanfh@paypal.com,Erasmus,"bQ2?s{(bU,k&I"
559,flarmanfi@newyorker.com,Fara,gP8!GSgyOWIff~
560,abrotherickfj@infoseek.co.jp,Alex,hW0'(K~RvL
561,mspeightfk@prlog.org,Matthiew,dI0{tB9=
562,eperottifl@printfriendly.com,Effie,yH8)Qjnv!|R'
563,hhussyfm@privacy.gov.au,Hilary,tY3'W6m$
564,aloveittfn@cmu.edu,Aviva,tE8.P<Epz|mMO/Y%
565,fmatyushkinfo@wp.com,Felic,yE6\>J99B3qWYWeu
566,ekennedyfp@google.nl,Evangelin,"bN3)3B$D+s""\`"
567,mfulleylovefq@latimes.com,Mable,lU3>}eZl%0T
568,bcawcuttfr@bloglovin.com,Beau,tN8#fiF`U3$.
569,staitfs@mashable.com,Sadye,fQ5&m97&Lr4f$
570,kgannft@kickstarter.com,Ky,aY1|r/V'S4
571,jtutefu@addtoany.com,Joceline,dJ6!Yb7}gM9C7i
572,ialflattfv@google.pl,Isabelle,eC7#DiJ&
573,sstenyngfw@canalblog.com,Sibelle,xA9!j+5A@?Ye?t{
574,arichensfx@merriam-webster.com,Ara,"oY5.v1xR""Df$#"
575,jpendockfy@jalbum.net,Janek,hS6'E.tST
576,rkennaghfz@archive.org,Rennie,lW7=a8._KyOTxU
577,rsprasong0@whitehouse.gov,Rutter,dB2{9r4*Ma
578,chayg1@time.com,Cynthy,wE7+.dI!scrKd
579,bspeedingg2@webnode.com,Britta,qA4~N''/VD#\4P3u
580,dlourensg3@discovery.com,Druci,mF0!jZ&_vidj
581,kyarrantong4@cdc.gov,Kipp,"iJ6~,3P729"
582,cmchirrieg5@taobao.com,Cliff,"zX0?U6.<"""
583,scollinsg6@github.com,Stephan,yX6'_`xxyG2
584,cfontg7@lulu.com,Cleo,oD2/jHI@1cq
585,lclagueg8@hugedomains.com,Lonny,iU1%fG5{}3\
586,atoung9@1688.com,Alain,sM2\Z>~IK
587,rshropsheirga@ca.gov,Rorke,"xM7.m,,vXuU"
588,ldomleogb@earthlink.net,Lotty,rX8~k?<&iqYz*'
589,agallardogc@sciencedaily.com,Antoni,gU5/=fkP\~|F?
590,tjefferdgd@vimeo.com,Tammie,vN1\PS'MSKnl\
591,aspringfordge@ucoz.com,Angel,tJ4$C!Y!l?fU
592,owalduckgf@google.pl,Odelia,fC3&7{+OS7Yfe}
593,azamoranogg@soundcloud.com,Amberly,qM7%RRk7O
594,lenokssongh@mediafire.com,Lotty,"lN6`|Z,CYga"
595,wcollicottgi@patch.com,Willy,fG1`JnPG45C
596,tbutchardgj@narod.ru,Torr,hA4?~}LJ
597,moscannillgk@symantec.com,Mirabelle,tG2+Clo.9rlR&m
598,rodornangl@foxnews.com,Rosamond,xF4{F`NQ/}>dmh
599,dmartinekgm@nymag.com,Dannie,xN7'gP&.KtJWnhY6
600,bdoughartygn@oakley.com,Bert,dW6.}M_i$+dr\FW
601,apenwellgo@nifty.com,Arlyn,mQ5?E40.f
602,ddorlinggp@auda.org.au,Danit,jD9~0bgV'?3?{34
603,cgianelligq@webs.com,Chane,"hZ1""%kTXYm=B"
604,dsowleygr@miibeian.gov.cn,Devan,uO8!vzb_1rg
605,ablackborowgs@archive.org,Anthea,wM6=G=hv
606,evedyaevgt@behance.net,Evy,"fN7`Z?,@"
607,crennenbachgu@hibu.com,Celina,vY2~XFvdoDv
608,emccriegv@paypal.com,Egbert,sU4=socbQXM
609,apenmangw@oakley.com,Annelise,dG3`eq'!)fNqfBst
610,pspaduccigx@sciencedirect.com,Paulie,wQ8+$cRq
611,hadamovitchgy@free.fr,Hermon,"bF6$l,12qJ}<>5?$"
612,jlamblotgz@geocities.jp,Jewel,lM8)RcHJ?
613,goneileh0@cocolog-nifty.com,Giffie,uH9!Ug+y
614,klaimableh1@aol.com,Koressa,dE7}'Xo39w1A~nc7
615,cdupreh2@nih.gov,Chaunce,nA2)pUolPO
616,steash3@privacy.gov.au,Saul,aJ3$Kn?a})zQU
617,phumfreyh4@prweb.com,Pearce,nN0{l~7?/a#2|
618,lyakubovh5@whitehouse.gov,Lita,fN4=n8KgwyiIaJV~
619,ddegogayh6@cam.ac.uk,Dyane,lI9(<u?RyZ?0'
620,ptejadah7@jimdo.com,Peggi,oO8{9H?7)pd_whfJ
621,asurcombeh8@un.org,Arlyn,iF7?4F?|{)A.N0L4
622,akiendlh9@cnbc.com,Ashely,"xT9*DVK),2"
623,elindlha@opera.com,Ellette,xY0&$VbK
624,kdamsellhb@a8.net,Karlens,rL4_cWuF69
625,wdaycehc@cloudflare.com,Wilona,zR7)pF`$FiY
626,iradolfhd@europa.eu,Isabella,yC8>Sdl)u{!L
627,ainglesfieldhe@ucoz.com,Alvera,"jF4,p?TBw2}0"
628,okeerlhf@chicagotribune.com,Ogdon,yK1!0dB(qv
629,csowthcotehg@sourceforge.net,Corri,gW1<la**
630,lstainsonhh@epa.gov,Lezley,pG9%+@I9n&#Z`
631,rcaseyhi@jiathis.com,Raymund,"nR9""3?~'VCe~"
632,cbeaneyhj@pcworld.com,Curtice,mS2$k`C&5q$ZgtB
633,wtunmorehk@zimbio.com,William,mS6#o6H{{qG)qa
634,mdevenishhl@addthis.com,Maison,wI5$rJd<Y
635,nfitzsymonshm@unicef.org,Norene,fO8*%fPgl
636,csoitouxhn@altervista.org,Costanza,eG2.vBw63{BWBvJ
637,dhollidgeho@cbsnews.com,Dewey,"pK7""ULQq0r%f."
638,alodehp@walmart.com,Auroora,hO4<4uI.~8Ilwr
639,ateanbyhq@bloomberg.com,Alfreda,kP2)be7CX
640,jhalloweshr@wisc.edu,Jocelyn,"pB1_Hu<"".qk."
641,kdonisihs@webmd.com,Karry,hT9_W\(XSB_c~n
642,lmacandrewht@ft.com,Linc,"eL8,L0?&5z\ra"
643,dgerholdhu@gnu.org,Dylan,gS8<nV8njE
644,amattekhv@indiatimes.com,Ancell,dR4!Z!<x9f$SX@.
645,mmcgivenahw@economist.com,Mohandas,rM9>US>'Iss
646,eleteurtrehx@vinaora.com,Elmore,gO4#Ycov
647,bdanellhy@oaic.gov.au,Bill,cC4.*?s'q
648,bmatsellhz@ehow.com,Buffy,yI2>6D=8@)j
649,bmorfeyi0@oaic.gov.au,Baron,"jC7|u*""xLUZMwoFc"
650,jgiorgiellii1@slideshare.net,Janenna,bR8\H?<KK?c
651,wstanneringi2@samsung.com,Wald,xJ3'&%X)#Ci{F
652,bfairesti3@ucoz.ru,Brenna,rG4*z*2qa#0
653,ksivei4@ebay.com,Kissie,tC9~}sOR+X38ptP
654,dcorkhilli5@economist.com,Devin,xY3'k`/D
655,jdelascii6@sourceforge.net,Jacky,rO9<u6@=Ozfs
656,wbolmanni7@ftc.gov,Weston,nK8'#Mz5BX<#
657,agodsali8@stanford.edu,Ansley,"uV3""W`VP~Fa*"
658,iemmetti9@businessweek.com,Ikey,dT3}Lfrn3J\X
659,aswateia@microsoft.com,Ahmed,iI3@BvJX=!j
660,abakeupib@google.it,Annis,mR1!|BKr)43*
661,vlucyic@npr.org,Vernor,yQ2!Ab.53=.zWK
662,tbalyid@bloglovin.com,Terrence,hY4%'kU9/6G~=%m
663,rspellarie@smh.com.au,Regina,"fX6#<urqDm,I)$V"
664,tmcdavidif@skyrock.com,Timmy,uR5|NyZ.23JEOQ
665,bzamorranoig@desdev.cn,Burke,wK4<jGf'q5jbU
666,frolfiih@businessweek.com,Frannie,pH1>0_CX
667,mtosneyii@e-recht24.de,Mikey,qU5_+eU5W
668,bboamij@paginegialle.it,Barbaraanne,qU6@.d<H
669,dgrigoriik@accuweather.com,Dominic,gQ8_|@KxP9?B)Ce
670,gbrickhamil@myspace.com,Gerek,kJ0+8H)i&ZH\w9
671,nskoylesim@nydailynews.com,Norman,iV8=M_Hn'
672,wkanwellin@hostgator.com,Willard,fN7>0lMPio{>Zh
673,staylorsonio@samsung.com,Spenser,wH6<d~89wNUB
674,amansionip@chicagotribune.com,Adelaida,pN8#J/04G\\9Eo)
675,gslidesiq@sciencedirect.com,Gaultiero,qX6)\tD0e`
676,gverlingir@blogtalkradio.com,Glynnis,fU5@muJN'~
677,tmonahanis@spiegel.de,Trude,xZ9(7vpX
678,imansonit@rakuten.co.jp,Irvin,kI5&*FOW+F
679,lgreenmaniu@nba.com,Lurlene,pP4(f5&0H4
680,btorbettiv@naver.com,Barbara,"uD4|{L,jZqhi>F"
681,lmcilhattoniw@acquirethisname.com,Lindie,bU1<MmCoE
682,mbartleetix@tripod.com,Mari,kQ8.cKayNf'
683,jfairfootiy@census.gov,Jillene,"eV0{!i,x%J=d9"
684,krattryiz@skype.com,Kalvin,sL6(ty(C@jG1e&
685,psparsholtj0@so-net.ne.jp,Pate,gU0#%&_cf0Z
686,wdemkowiczj1@opera.com,Wallie,"fF7,snGIQd=cPC"
687,dthorsbyj2@cnbc.com,Dara,"sM2'*,nFBW$v0t"
688,gskiltonj3@gravatar.com,Gracia,"dP0,L>e<701Pmz<"
689,bgildersleevej4@joomla.org,Bernie,dJ8?U~kuB#0
690,bvallenderj5@ucsd.edu,Barbara-anne,eE3>lQ8xgs
691,ldiklej6@digg.com,Lisa,fM7`9.mPdeOZ{G
692,rdsouzaj7@indiegogo.com,Ruth,qA8@rPn7
693,cthornj8@businessinsider.com,Cecily,"kO4&5e""4S=YkB"
694,opinneyj9@icq.com,Orson,nX2)q6b#vD*CM
695,gdillwayja@engadget.com,Gerhardt,wX2~LQ_~
696,mvaillantjb@163.com,Mylo,bA7%}@#L
697,egodwinjc@weebly.com,Elberta,fA6|{(6sy
698,erenzinijd@jigsy.com,Elton,cD1=&~Jc&
699,gelstowje@wisc.edu,Guillema,iK8?hOZ)n=
700,ikarslakejf@de.vu,Iseabal,xV2~`~h6mYX
701,mlandaljg@apple.com,Moll,fO8}i`/gLTsMu
702,brobioujh@ovh.net,Bendix,qP9'q/9/AW.
703,sbernaldoji@cbsnews.com,Sebastiano,yJ5{KIMIQ
704,bshoveltonjj@nydailynews.com,Bab,vO7?c2wyE
705,lvernhamjk@upenn.edu,Loise,zO8)5m6Q
706,cmaskelynejl@microsoft.com,Clare,"yU0""cA(3x"
707,bbrearleyjm@studiopress.com,Bertrando,pJ6'Ux`l`BxVD
708,ifeeleyjn@prlog.org,Ingmar,"oN4""/.c\Vcnv6"
709,kmuzzlewhitejo@blogs.com,Kalindi,oA6#{IG}c
710,wmorillasjp@wix.com,Wini,vJ9*M>gh
711,aandreuttijq@ted.com,Arlen,"eM7""X}\{"
712,bkeefejr@sakura.ne.jp,Butch,yA9'9|l=H
713,acockliejs@techcrunch.com,Albertine,"iB8+g{2""+57`z5G~"
714,avealljt@multiply.com,Ailee,aS4=J.i8L3L=G
715,rsatcherju@bloomberg.com,Raynell,"xV8""mo9.72YS,Z<f"
716,gbardenjv@icq.com,Greta,"fH8""SD""t6%xf{G"
717,ckobielajw@hostgator.com,Cherye,sS5\H@}Y>d4?}FDN
718,mminihanjx@nature.com,Mag,jS9'2!6bQl=)?TAt
719,lsurgeyjy@google.com.br,Lois,wH0~rOP2\h
720,abetheljz@usgs.gov,Alexina,"sS4@y,T!wxqjnCia"
721,ckillshawk0@hp.com,Cherish,zB1!_3uN=
722,nvedikhovk1@tiny.cc,Norri,sV3|`HO?}>D+wN6d
723,dguillouxk2@moonfruit.com,Dudley,nA3<b9$ohW
724,pleutyk3@desdev.cn,Pamelina,uF8.<?p%
725,ppollk4@state.gov,Porter,dC7)x#(GNYWA
726,arodolfk5@taobao.com,Alvy,gX6/sd27D$$
727,jdaldryk6@360.cn,Jasmine,yO1)0=|{WuHh
728,rbrittk7@github.io,Rosanne,qO4`pBY($p}
729,mharbinsonk8@nydailynews.com,Mark,"gO3>#I""IVy)"
730,fmateik9@nydailynews.com,Ferdie,dP9|Mj`)
731,aewleska@seesaa.net,Angus,cD4)f#\4Zv9U
732,dmaydwaykb@last.fm,Donni,xG4}.OBa'z{4!Y
733,adewittkc@t.co,Amie,kJ6<q(x+`E(l
734,eembletonkd@wordpress.com,Edlin,bX5=Qjm>3Syz23q7
735,lcobbinke@sphinn.com,Lani,jJ2\P.__ckM=
736,bspenleykf@vkontakte.ru,Benton,jT8)R/pS<>.
737,celdinkg@fastcompany.com,Caitrin,xD9|x8cn(Iv>RXz
738,adingleykh@nih.gov,Alison,"fP5_,OOK\L&P0Zt+"
739,mcobbyki@blog.com,Marybeth,nW4*)/>PEsT!7Xzk
740,ofrodshamkj@xrea.com,Oren,"rE8""C=!u&~ok="
741,gknockerkk@bravesites.com,Garwood,dO5`E$qZz&xfj
742,hpotapczukkl@exblog.jp,Hugo,jK1){fr9tdNE0
743,cmenpeskm@prweb.com,Carey,hW9(0>Av7>\yh
744,epartkyakn@yahoo.co.jp,Eduino,jL6?_+5V%crdKt$
745,hmanvelleko@mlb.com,Harriot,nX4/H>`78
746,rspositokp@fda.gov,Regina,uM2)xRjI*X\
747,pbyerkq@businessweek.com,Perkin,bI5$$q2_
748,chorribinekr@independent.co.uk,Cad,iH1*yi*rx'x`@<
749,cstollks@de.vu,Cristi,xY5<VNZRVR
750,skohnkt@salon.com,Sibelle,xF1&_3E<
751,ksearsbyku@51.la,Karoline,fE5}}='W
752,bklampkkv@issuu.com,Brod,jP4(s}xpT
753,qlooneykw@soup.io,Quentin,zH2#j31q5Hm
754,jdallawaykx@youku.com,Joachim,uO6)+om(ks#j
755,fnasonky@deviantart.com,Fabien,"uK6.E""(3@w>.7"
756,sshalloekz@woothemes.com,Sonya,xU7#*#dk?
757,mrehnl0@amazon.de,Meaghan,"wR0<goDyeR,Z1"
758,kclendinningl1@mapy.cz,Kayne,jT4|OJo5V
759,sludloml2@census.gov,Selena,dZ7_&5}KU$&B
760,phuntingtonl3@archive.org,Perceval,nN0}fD4/r=
761,lpeschkel4@guardian.co.uk,Livia,yJ2\@C(QD9j{4t#(
762,cullrichl5@paginegialle.it,Celine,yD2_X4`4k@5dv
763,mleehanel6@dailymail.co.uk,Melly,tM8{>5uFukt1
764,mduranl7@home.pl,Mickie,"cO7*GGnOD""a"
765,lloreitl8@shutterfly.com,Laney,uW0<sTL&$
766,sschultheissl9@baidu.com,Sascha,tE6.9P9BH
767,thamerla@blogger.com,Trenna,"tU4)"".osFdj97w"
768,hdrezzerlb@cisco.com,Helli,qK0|RL!u<8B_
769,mmacdiarmondlc@java.com,Mike,dI5#x/|X3f$jFe
770,jrowberryld@foxnews.com,Jule,qG8}+JE#\D\(6
771,lberntle@webs.com,Lavinie,jO5>2XSmU
772,lrowattlf@fema.gov,Larisa,tU4.}fgKh
773,esearllg@jalbum.net,Emmett,aQ4&NxxF?m}w)
774,egeorgievskilh@mtv.com,Edan,bJ0.inGnh}*wl2dU
775,bbradburneli@npr.org,Babbette,sV5@?}0wB1FH)
776,ghabbershonlj@ucoz.ru,Geneva,pY9(<`\8glCXw~T#
777,mchristophersonlk@amazon.co.uk,Mollie,"lE2.D""&z%Sc?A"
778,hlafflingll@behance.net,Herold,wK2!j2#(*z0
779,mnoweaklm@adobe.com,Melloney,oG2/}3m?
780,jkinchinln@lycos.com,Jaquelyn,cW6)w.%Jc
781,jelldredlo@discovery.com,Joscelin,eV4$x/>ZM
782,wbreadonlp@wp.com,Woodman,iR4+xw$|JouIIO/
783,jsawyerlq@thetimes.co.uk,Julietta,kH0$G)|fQ/qG3d_
784,gchaytorlr@marriott.com,Genia,mG8!_&}xYv#hlD%
785,mslanels@soup.io,Milka,pV0#CaQ`%qD~\
786,sedeslt@yellowpages.com,Stan,"zC6,>A$R~S"
787,wtoonlu@mayoclinic.com,Weider,jE4_}LR.!5h
788,tgallagerlv@java.com,Teddy,nI9*=2B{*
789,probleylw@weibo.com,Peter,bY3{\ahorG_81
790,aduckelslx@nhs.uk,Alford,cA2*`b%53anWqb
791,ttestoly@deviantart.com,Twyla,jG6<QJwTz|
792,ebeadlelz@economist.com,Elenore,oB2@x=83<6riA.
793,jfordm0@rakuten.co.jp,Jordan,rV8~+\H{Ghuk
794,ewardingleym1@slashdot.org,Elvira,nN6$cSp0Tt!
795,lsivornm2@biblegateway.com,Levin,"hT0@X7+O,"
796,glapishm3@mayoclinic.com,Griswold,"jT9~,rlz)'_"
797,echengm4@cdc.gov,Elle,cT7}J\.0MY+
798,yhardwichm5@virginia.edu,Yulma,uF8%7vR@Z1*}#B9
799,lcutforthm6@google.com.hk,Lolita,cY0(J@*47~w
800,bfortonm7@1688.com,Bram,oE3\hn/@KxL#
801,rlinturnm8@pinterest.com,Reine,uZ2#H1*O35ftr($
802,gcorteneym9@businessinsider.com,Ginni,kQ3=NqJcZu!(K
803,etallma@ebay.co.uk,Elfreda,iZ2=J3rW=X$JE
804,apettimb@taobao.com,Ashby,"uX0)n/H_z""N"
805,ashulemmc@seesaa.net,Avrom,"vZ5\.aH}8E}v5t,"
806,vturmellmd@xinhuanet.com,Valeria,vJ4>Hl0&SexUOL?O
807,cdemancheme@bloglines.com,Chase,"uT1,QFU~&9_F~Y8"
808,cmoresbymf@smugmug.com,Claudine,iA6=R&P3U`}VYWE
809,tbroggiomg@chronoengine.com,Terrel,"cA6""2owki/`f=MaU"
810,aniavemh@wikispaces.com,Addie,yE1}JU)n/
811,jaylmermi@soup.io,June,fN3%Zt5YO
812,sorsaymj@pen.io,Stanleigh,aC4+kzi16R{WzFO
813,tnorresmk@de.vu,Titus,aG8>hWGvAzI*>
814,lpeterkinml@nymag.com,Lurette,"yE9'\'Z""5C)3'5n"
815,lwallikermm@telegraph.co.uk,Lura,wH5`pMfR}$+aTRNr
816,cthompsonmn@purevolume.com,Codee,nH7$0pNXp
817,nweatherburnmo@nytimes.com,Nancy,wL1`&pX8V3's+='~
818,lfanshawmp@usatoday.com,Latashia,kZ1|A}Rb{
819,dealesmq@g.co,Delainey,bE5&4@2OhB)
820,kjovasevicmr@europa.eu,Korella,gR2|3b\f%
821,hwestfalenms@canalblog.com,Hedda,fZ9~(%C\%CmK68
822,eduinkerkmt@linkedin.com,Elysha,yF0=sn0Z_2xp\
823,cdanatmu@abc.net.au,Catherina,tN3@ZsOVMxlc|
824,kfairholmemv@seattletimes.com,Kyrstin,"qX6=%}G\t{""uY|Iy"
825,mtebbemw@dailymotion.com,Milicent,rT1!CIZ)8Ua_EZ
826,cwhitlandmx@mediafire.com,Carmel,yB4|@FmwQ)ED#N0I
827,djeanninmy@redcross.org,Davida,"sC7/TBmc/_,O\6a"
828,awheelwrightmz@whitehouse.gov,Andros,aQ2|O)F>s3{F)Ayd
829,cjesten0@buzzfeed.com,Chastity,iT3`}e0!R
830,amousdalln1@thetimes.co.uk,Abby,wN9+A_nx3uC`=
831,mmilbournn2@goodreads.com,Mela,"dT2%""_6wF%Hf{"
832,bbickerstethn3@merriam-webster.com,Belva,zG7(IC)`)z3
833,fskeemern4@ebay.com,Frankie,zV3?Y7i8v!&uJ4Nf
834,zbanthamn5@upenn.edu,Zilvia,hK8$VoPUH
835,gcoryn6@nyu.edu,Guenna,jI2)i|8GC)|7BP2
836,dcurringtonn7@mlb.com,Dita,dQ8}Pm)<
837,teisikowitzn8@woothemes.com,Toni,lC2&I}$)B7xS
838,llooneyn9@unesco.org,Lara,tK8$Pp~+JmTr_
839,asnufflebottomna@unc.edu,Arie,lO4?kj1n7Uc.QUp}
840,szambonnb@ucoz.ru,Stevana,"mA6,2}2`pj"
841,obransgrovenc@list-manage.com,Orbadiah,fQ3'KeBX$g+li
842,ggoadynd@fc2.com,Gaspar,zH3#(&S9daRqR
843,bpaylorne@epa.gov,Barney,tS9.6Rt)_'C3/s
844,thalversennf@ebay.com,Trix,qK8?W687ex\_
845,kwelbandng@scientificamerican.com,Kristien,"vZ2,syh>uV"
846,ldultonnh@meetup.com,Loise,sP0?btIIbdk=I7'
847,ksandisonni@about.com,Kris,"zP3#1d,3>QSdwC"
848,egriefnj@weather.com,Elvira,"lA7?/|7ZT<""o%S`~"
849,rsoppitnk@example.com,Ronica,"gI3""4hABi"
850,acastelnl@free.fr,Ali,vU8&g>55
851,mbloggettnm@netlog.com,Maggee,fA9@`DshhvBy
852,jclerknn@webmd.com,Jacky,vK0>$2bt
853,tszymonwiczno@livejournal.com,Timmie,qF6<_yVRdF'B0d
854,egrewarnp@gnu.org,Essy,zY1'C4akamnBi
855,arooksbynq@moonfruit.com,Annabal,rT7$bEBe!v
856,kferneleynr@phpbb.com,Kimberly,oX6_`#W<bZHF
857,fbathamns@java.com,Frances,mF4<p_X4t'TiX0@
858,vmckeatingnt@thetimes.co.uk,Vernice,wH6\Af_V7U)td~
859,tmulhollandnu@mtv.com,Thadeus,rA5'kIXN)#aIE>4
860,sszymanowicznv@weibo.com,Sutherland,pW3*YHq=
861,rburgonnw@berkeley.edu,Rosabella,"eO0',""9G.wmv?C|B"
862,apineauxnx@usatoday.com,Audrey,"mV9!Z6d""2"
863,qglynneny@storify.com,Quinta,mJ9!i=_Ej$i?
864,kwimpeynz@google.de,Kimmi,gG3#=0{D
865,kraggo0@usatoday.com,Kathi,gC1(AIg_z1
866,bstotherto1@squidoo.com,Brandea,"cH1{.ez""GW~|_CF"
867,mcliffordo2@independent.co.uk,Morgen,"gW8,sBNH\PC"
868,pmcbratneyo3@redcross.org,Paxton,jF3{MzMGh
869,bcastagnerio4@aboutads.info,Bennie,tY0@``?9f'
870,gyurmanovevo5@smugmug.com,Griffy,yS5?XDVfc
871,sdemorenoo6@123-reg.co.uk,Sosanna,wY6+~5hCC>
872,sfowgieso7@altervista.org,Seamus,iE4#?}s/q
873,rgoodwello8@washington.edu,Rodi,pC4<GVJETHh76lY
874,fpapezo9@java.com,Filberto,uB4#w=vMR
875,ncampioneoa@sciencedaily.com,Nissa,bD2.D`.jL.
876,lstubbingsob@paypal.com,Lia,dQ7&s@%J#Q\D
877,jhawickoc@huffingtonpost.com,Junette,yO7}3UynG$FG7
878,pknaggesod@mail.ru,Parker,"rG4!nj<1y,#+!"
879,ngrationoe@blogspot.com,Nonie,jR2+UGtrdp
880,tfishleyof@devhub.com,Thadeus,uK8_v@q{M/q{
881,ablenkironog@sitemeter.com,Adan,iS8%ZzQs'n
882,kfattoreoh@freewebs.com,Kamilah,"oW0#mnqTy"""
883,focrianeoi@soup.io,Florina,jG0&C=/vX\xH8pi9
884,okinghamoj@ucsd.edu,Olympe,yA9!yK\G'
885,lgrundeyok@wiley.com,Leodora,zS5/LC#<a8H
886,evasquezol@google.com.au,Earlie,qR8%)fxu7`~%*
887,gkarolewskiom@google.ru,Gayelord,lH9'~Ohye
888,ktroyeson@123-reg.co.uk,Karrah,"eI4#UK1#"""
889,ggribbinsoo@ask.com,Griselda,"fD8__'A""e?{d"
890,adroganop@exblog.jp,Ashlin,"fT6'l\o""$=t!"
891,bgriffeyoq@icq.com,Barthel,wY6*pNneS.0kN_
892,hrathmellor@bandcamp.com,Homer,cC2/p.ao4@O
893,ahursthouseos@slideshare.net,Anabella,lD2~!Ooq
894,rjunkinot@hatena.ne.jp,Ross,yE0*n@*@%PN_
895,kbrignellou@ustream.tv,Krisha,hI1*!X3ztt@rz+
896,ccarragherov@cloudflare.com,Carmelle,jO6@wWbklZd
897,hnichollsow@weibo.com,Hamil,jX6}x.+ExQBbMun
898,ebeldumox@aol.com,Evelyn,"vT4&<rn"""
899,cansticeoy@webnode.com,Craig,kG0_m8gMc`|I$)3
900,bclouteoz@reddit.com,Brittni,fE8@tMfls#
901,psilsonp0@chronoengine.com,Pierette,tN5/OedoQB|wOA
902,wcolbertsonp1@harvard.edu,Willette,iM9`Y.G&U1
903,rfeechanp2@canalblog.com,Rowena,pA1<miq06'%<
904,ktakisp3@barnesandnoble.com,Kordula,nF7}ZyykC0=%$PhH
905,nlokierp4@ucsd.edu,Nelle,iU0%`mG5Hv4
906,imcparlandp5@aboutads.info,Isidro,lM3{d2AP
907,rburthp6@naver.com,Rorie,gF9>Zx1d6L
908,vbovairdp7@prweb.com,Vanna,cT4{+75Pu>IP`t
909,crichmondp8@ucla.edu,Corenda,rP0@IXOd
910,osergisonp9@fastcompany.com,Obediah,eC5?RC|WHW
911,vtalbotpa@omniture.com,Vivian,"eE9/'X""hV/x<C*#"
912,jcleverpb@google.de,Jaimie,yR3&oT+$dyOs
913,mcrepinpc@blog.com,Mead,"tZ1\w9J=3"""
914,clardezpd@yelp.com,Corabelle,"aW1+y`%i,yZIM"
915,mgallepe@sakura.ne.jp,Marietta,cK7'H?wYeEc
916,bocheltreepf@ftc.gov,Britney,jK3*&L@*1
917,crosenfeltpg@multiply.com,Casey,dU7.gtLv%r\U6a`&
918,flervenph@mac.com,Forester,eI5<n&?d\Ww)4.s
919,kgummpi@dagondesign.com,Kristan,vP7+Q0qdH)*6ev
920,ayureninpj@kickstarter.com,Arlin,rX7.<fGW
921,srodliffpk@cnet.com,Scott,mU1~PTam|O
922,gpawelecpl@springer.com,Gayle,cI4/NHH\OJ{#F
923,sangersteinpm@springer.com,Shadow,lH9&7Chn}IXt}X@
924,rdewirepn@csmonitor.com,Reidar,fJ0%s>Ed*8k+$
925,arichichipo@webnode.com,Amery,lD5}kAKtroa6yr
926,pkuhnepp@themeforest.net,Petronella,hI5>1=(fjr
927,mlidgatepq@nytimes.com,Mersey,"dW2$~/D+vm""j"
928,bfrancpr@cdbaby.com,Bianca,hG3~$a>dg2|x)Tg<
929,fmccauleyps@furl.net,Farris,tM8*bgr3=JJ=9
930,ihebdonpt@ihg.com,Ingeborg,"dZ7?)`P'r69<x,cG"
931,jtompionpu@amazon.co.jp,Jakob,yJ4\OC2'G*7Hv@
932,rmullinpv@goo.ne.jp,Rory,wG6/HCp)EM~H
933,aitzchakipw@creativecommons.org,Arleyne,hZ5&dBB\
934,bbarliepx@geocities.com,Bing,"cW7_4K_R'!3Lj/""Y"
935,lnoddlespy@wiley.com,Larisa,sP8'+|'6
936,lcranhampz@mit.edu,Lorelei,uX9_!+mbMq
937,gcainq0@google.ru,Glynis,aL0=4f?1i`YQi>
938,tfromontq1@ask.com,Tansy,tB2*r@Nn5~}AW
939,cturpieq2@ovh.net,Camila,"fK6""p28V'cj@Si"
940,lowenq3@icio.us,Lora,"wN5`FhT5bjfG,\2"
941,ovaneedenq4@sun.com,Octavius,cA8(hs7Mty8%A
942,vkuschelq5@whitehouse.gov,Vicky,dH5$r._4FYCRq
943,ecastriq6@issuu.com,Edgard,tW4)\_&Wk<
944,acurrumq7@tmall.com,Augustine,nG6|*E'3/d@
945,ehardwidgeq8@hugedomains.com,Elga,pH3}'SXi
946,mboastq9@domainmarket.com,Marlo,bN4<LhOS'02H
947,mogrowganeqa@devhub.com,Margaretta,"kH7""_Llf,dVG.ZO'"
948,abracchiqb@cornell.edu,Abey,gJ3|H%DYf+Zm
949,csmetounqc@trellian.com,Calli,"rV9#EH>kir'Z""GHP"
950,gpawsonqd@alibaba.com,Gladys,uF0|m_3AP_xu
951,hebiqe@slate.com,Haydon,"nM5""vIq7"
952,dnathanqf@friendfeed.com,Daryn,"xI5{!h$kqttQ0rO"""
953,rjacquetqg@kickstarter.com,Rosabelle,kF8`vl\`v`Vje6
954,hsmithsonqh@miitbeian.gov.cn,Hewitt,sA1#p}@\0M9gF$82
955,icarpqi@amazon.co.uk,Immanuel,"gQ4>bu""k@}z"
956,educkelsqj@abc.net.au,Elisabeth,"rF7@&u3bf}TbVX,"
957,aconnorsqk@bbc.co.uk,Anne,"wZ2(JVm<,Y{(mg"
958,mpordallql@google.com.br,Mersey,oY4{Mi9MCaG2v
959,canniceqm@reference.com,Cornelle,kU9*(}2s~|&5KF{H
960,tguillilandqn@ftc.gov,Tomas,eW2.02%=kmlI
961,bdicarliqo@abc.net.au,Barris,dE4=zm\2i
962,ddurstonqp@census.gov,Dulcine,yT3>xT}ymg1nF
963,ldupreeqq@engadget.com,Lilias,vW2=*vHzrjJp
964,mhurleyqr@yahoo.co.jp,Mata,oG4?!Eq|
965,hdittsonqs@baidu.com,Huberto,wA3.oW>\
966,gkilduffqt@earthlink.net,Gene,"sV6%~k1U""U*$MbwA"
967,agasparroqu@cam.ac.uk,Arthur,eI6*3=fYW
968,nwoltonqv@slate.com,Nathalie,oB5#MULwT
969,akornesqw@ucoz.com,Ajay,"qE9~Ss""Q"
970,apadillaqx@dropbox.com,Addia,qX1%Kl~qs@i
971,speardeqy@ocn.ne.jp,Scott,mA1#Z40w9Ov.K
972,fbaxstairqz@sohu.com,Flossi,vY0`QXB~Z
973,wtieber0@google.nl,Wolf,cC6/lvi(&)y
974,bsimondsonr1@issuu.com,Bondie,gU9$3ZxA)
975,ezottor2@blogger.com,Ericka,mW5`DaZWo'0Md
976,dmetzigr3@abc.net.au,Dolorita,cC5&Ebw\(O@&eE
977,blenaghenr4@phoca.cz,Bonnibelle,zI4'Lr`WIcU5/1
978,pcatonr5@hubpages.com,Perry,"iT5\,x~Eg?ZV1u"
979,dcroslandr6@last.fm,Danit,rC3$wBf6#p>
980,eyouthedr7@over-blog.com,Eal,lH7'C/B9}VVE
981,aleacyr8@nih.gov,Alaine,yM3.O&+?C\C1|D
982,mdefreyner9@google.ca,Marigold,fN2.I)lt
983,dgummiera@sun.com,Demott,vR8@r48gX<Loe5G#
984,rwillersrb@cyberchimps.com,Ruthanne,"eG7*mV.='C_fTE"""
985,rmcgowanrc@vimeo.com,Roch,eQ4=4WZV<.R
986,droonyrd@desdev.cn,Daryn,"nS8@L)%@c""@"
987,fbraggintonre@plala.or.jp,Frederigo,"bT9(""R.(2&"
988,msheeresrf@columbia.edu,Maurizia,oI9<R>z1
989,kupcottrg@boston.com,Katine,yN0{_!jho8d
990,mpocockrh@cam.ac.uk,Marla,"dV9\P,.L"""""
991,jbrislaneri@joomla.org,Jackie,kQ4#*6boOWc~k\#E
992,wlamburnrj@blog.com,Wallache,"tT7`SdW$""4}_z"
993,dfeerk@blogspot.com,Danette,"cE6&TOnR|M,"
994,tjexrl@un.org,Thorvald,eP0/.D$.vts
995,avirrrm@sciencedaily.com,Ardella,nS4||z/k9
996,wstickfordrn@alexa.com,Winslow,wT1+WHXXgS
997,gbanghamro@jalbum.net,Germain,"aJ8<1v'1/R,"
998,cmcquilkinrp@yelp.com,Carmella,dB8=5Qn~2s6BbAe
999,ebeeverrq@japanpost.jp,Eustace,hU7##4Q`L{\<(k
1000,ghackletonrr@virginia.edu,Georgeanne,pH2`9M$pwxU`
